patient,sex,split
1,1,test
10,0,train
100,1,train
1000,0,test
1001,0,train
1002,0,train
1003,1,test
1004,1,train
1005,1,train
1006,1,train
1007,0,test
1008,0,train
1009,1,test
101,1,test
1010,1,train
1011,1,train
1012,1,train
1013,0,train
1014,0,train
1015,0,train
1016,0,train
1017,0,train
1018,0,val
1019,0,train
1020,0,test
1021,0,test
1022,1,test
1023,0,train
1024,0,train
1025,0,train
1026,0,train
1027,0,train
1028,1,test
1029,1,test
103,1,test
1030,0,test
1031,0,test
1032,0,train
1034,0,train
1035,0,train
1036,0,train
1037,0,train
1038,0,test
1039,0,val
104,1,train
1040,0,train
1041,0,val
1042,0,train
1043,0,test
1044,0,val
1045,1,train
1047,1,train
1048,0,test
1049,0,test
105,1,val
1050,0,train
1051,0,train
1053,1,train
1054,1,val
1055,0,train
1056,0,train
1057,0,test
1058,0,train
1059,0,train
106,1,test
1060,1,train
1061,1,val
1063,0,train
1064,0,train
1065,1,test
1066,1,test
1067,1,train
1068,0,train
1069,0,train
107,1,test
1070,1,train
1071,1,train
1072,0,test
1073,1,val
1074,1,train
1075,1,val
1077,0,val
1079,0,train
108,1,test
1080,1,train
1081,0,train
1082,1,train
1083,1,train
1084,1,train
1085,1,test
1086,1,train
1087,1,train
1088,1,train
1089,1,train
109,0,train
1090,1,val
1091,1,val
1092,1,test
1093,0,test
1094,0,train
1096,0,train
1097,1,test
1098,1,test
1099,0,train
11,0,train
110,1,train
1100,0,train
1101,0,test
1104,1,train
1105,1,train
1107,1,train
1108,1,train
1109,1,train
111,1,train
1110,0,train
1111,0,val
1112,1,test
1113,0,train
1114,0,test
1115,0,train
1116,1,train
1117,0,test
1118,0,train
1119,1,train
112,1,train
1120,1,val
1121,1,test
1122,1,val
1123,0,train
1124,1,train
1125,0,train
1126,0,train
1127,0,val
1128,0,train
1129,0,test
113,1,train
1130,1,train
1131,1,train
1132,0,train
1133,0,train
1134,0,train
1135,0,val
1136,0,train
1137,0,train
1138,0,train
1139,0,train
114,0,test
1140,0,val
1141,0,train
1142,1,test
1143,1,test
1144,1,val
1145,1,train
1146,1,train
1147,1,train
1148,1,test
1149,1,train
115,1,val
1150,1,train
1151,1,train
1152,1,test
1153,1,train
1154,1,train
1155,1,train
1156,0,train
1157,0,train
1158,0,test
1159,0,train
116,0,test
1160,0,train
1161,0,train
1162,0,val
1163,0,test
1164,1,train
1165,0,train
1166,1,train
1167,0,train
1168,0,train
1169,0,test
117,0,val
1170,0,train
1171,0,test
1172,0,test
1173,0,train
1174,0,val
1175,0,test
1176,0,train
1177,0,val
1178,1,train
1179,1,train
118,0,test
1180,1,test
1181,1,val
1182,0,test
1183,0,train
1184,0,val
1185,0,train
1186,0,train
1188,1,val
1189,0,train
119,0,train
1190,0,train
1191,1,val
1192,0,train
1193,1,train
1194,0,train
1195,0,train
1196,0,val
1197,1,val
1198,0,val
1199,1,train
12,0,train
120,1,train
1200,0,train
1201,0,test
1202,1,train
1203,0,train
1204,0,train
1205,0,train
1206,0,val
1207,1,train
1208,0,train
1209,0,train
1210,0,test
1211,0,val
1212,1,train
1213,0,test
1214,0,train
1215,0,train
1216,1,train
1217,1,train
1218,1,train
1219,0,train
122,1,train
1220,0,test
1221,0,train
1222,0,val
1223,0,train
1224,0,test
1225,0,train
1226,0,train
1227,0,val
1228,0,val
1229,1,val
123,1,train
1230,0,train
1231,0,train
1232,0,train
1233,0,train
1234,0,train
1235,0,train
1236,0,train
1237,0,train
1238,0,train
1239,0,train
124,1,train
1240,0,train
1241,0,train
1242,0,train
1243,0,test
1244,0,train
1245,0,train
1246,0,test
1247,0,test
1248,0,test
1249,1,train
125,1,train
1250,1,train
1251,1,test
1252,1,train
1253,1,test
1254,0,train
1255,1,train
1256,0,train
1257,0,train
1258,0,train
1259,0,test
126,1,test
1260,1,train
1261,0,train
1262,0,train
1263,0,train
1264,0,test
1265,0,train
1266,1,test
1267,1,train
1268,1,train
1269,1,train
127,1,train
1270,1,train
1271,1,test
1272,0,train
1273,0,train
1274,1,train
1275,0,val
1276,0,val
1277,0,train
1278,0,train
1279,0,train
128,0,train
1280,0,train
1281,0,train
1282,0,val
1283,0,train
1284,0,train
1285,1,test
1286,1,train
1287,1,train
1288,1,train
1289,0,train
129,0,train
1290,1,val
1291,0,test
1292,0,train
1293,0,test
1294,0,train
1295,0,test
1296,0,train
1297,0,train
1298,0,val
1299,0,train
13,1,test
130,0,train
1300,0,train
1301,0,train
1302,0,train
1303,0,test
1304,0,test
1305,0,train
1306,0,train
1308,1,test
1309,0,train
131,0,test
1310,0,test
1311,0,train
1312,1,train
1314,1,train
1315,1,train
1316,1,train
1317,1,train
1318,1,test
1319,1,val
132,1,train
1321,1,train
1322,0,train
1323,0,val
1324,0,train
1325,1,train
1326,0,train
1327,0,train
1328,0,train
1329,0,test
133,0,train
1330,1,val
1332,0,test
1334,0,test
1335,0,train
134,0,train
135,0,train
136,0,train
137,1,train
138,0,train
139,1,train
14,0,train
140,1,train
141,0,train
142,0,train
143,1,train
144,1,train
145,1,train
146,1,test
147,1,test
148,1,train
149,1,val
15,0,train
150,1,train
151,1,train
152,1,val
153,1,train
154,0,train
155,0,train
156,0,train
157,0,test
158,0,train
159,1,val
16,1,test
160,0,train
161,0,train
162,0,train
163,0,train
164,0,train
165,0,train
166,1,train
168,0,train
169,0,train
17,1,train
170,0,test
171,0,test
172,0,test
173,1,train
174,1,train
175,0,test
177,0,train
178,0,train
179,0,train
180,0,train
181,1,train
182,1,train
183,1,train
184,1,train
185,0,train
186,0,train
187,0,val
188,0,test
189,1,train
19,1,train
190,0,test
191,0,train
192,0,train
193,0,train
194,0,train
195,0,train
196,0,train
197,1,train
198,1,train
199,0,train
2,1,train
20,1,train
201,0,train
202,0,train
203,0,train
204,0,train
206,1,train
207,0,train
208,0,train
209,0,val
21,1,train
210,1,train
211,0,train
212,0,train
213,1,train
214,1,train
215,1,train
216,0,test
217,0,test
218,0,train
22,0,val
220,0,test
221,0,train
222,1,train
223,0,train
224,1,train
225,1,train
226,0,test
227,0,val
228,0,train
229,0,train
23,1,train
230,0,train
232,1,train
233,0,train
234,0,train
235,1,test
236,0,train
237,0,train
238,1,train
239,1,val
24,1,train
240,1,train
241,1,train
242,1,train
243,0,train
244,0,train
245,0,train
246,0,test
247,1,test
248,0,train
249,1,train
25,1,train
250,0,train
251,1,train
252,0,train
253,0,val
254,0,train
255,0,train
256,1,train
257,0,test
258,1,test
259,1,train
26,1,train
260,0,train
261,0,val
262,0,train
263,0,train
264,0,train
265,1,train
266,1,train
267,0,train
268,0,train
269,1,train
27,1,train
270,1,train
271,1,val
272,0,train
273,0,train
274,0,train
275,0,val
276,0,train
277,0,test
278,0,train
279,0,train
28,1,train
280,0,val
281,0,train
282,1,test
283,1,train
284,1,train
285,1,train
286,1,train
287,1,test
288,1,train
289,1,train
29,0,test
290,1,train
291,0,train
292,1,train
293,0,test
295,0,val
296,0,train
297,0,train
298,0,train
299,0,train
3,1,test
30,1,train
300,0,train
302,1,test
303,1,train
304,0,train
305,0,train
306,0,train
307,0,train
308,0,train
309,0,train
31,1,test
310,0,train
311,1,train
312,0,train
313,0,test
314,1,test
315,0,train
316,0,train
317,0,train
318,0,train
319,0,train
32,1,val
320,1,val
321,0,train
322,0,test
323,0,train
326,0,test
327,0,train
328,1,train
329,0,train
33,1,val
330,0,train
331,0,test
332,1,train
333,1,train
334,0,val
335,0,test
336,0,train
337,1,train
338,0,train
339,1,train
34,0,val
340,0,train
341,0,val
342,1,test
343,0,train
344,0,train
345,1,test
346,0,train
347,0,train
348,0,train
349,0,train
35,0,train
350,0,train
351,0,train
352,0,train
353,0,val
354,0,train
355,1,train
357,1,train
358,0,train
359,0,train
36,1,test
360,0,train
361,0,test
362,0,val
363,0,train
364,0,train
365,0,train
366,0,train
367,0,test
368,1,train
369,1,test
37,0,train
370,1,val
371,1,train
372,1,train
373,1,train
374,1,test
375,1,test
376,1,train
377,0,train
378,0,train
379,1,train
38,0,train
380,0,train
381,0,test
382,1,train
383,0,test
384,0,train
385,1,train
386,0,train
387,0,train
388,1,train
389,0,train
39,1,train
390,1,train
391,1,train
392,1,train
393,1,test
394,1,train
395,1,val
396,1,train
397,1,test
398,1,train
399,1,train
4,1,train
40,1,test
400,0,train
401,0,test
402,0,train
403,1,train
404,0,test
405,1,train
406,0,train
407,0,test
408,0,train
409,1,val
41,1,train
410,1,train
411,0,test
413,0,test
414,0,train
415,0,train
416,0,train
417,1,train
418,1,test
419,0,train
42,1,train
420,1,train
421,1,train
422,0,test
423,0,val
424,0,val
425,0,train
426,0,test
427,0,train
428,0,train
429,0,train
43,1,train
430,1,train
431,1,train
432,0,train
433,0,test
434,0,train
435,1,train
436,1,train
437,0,train
438,0,train
439,0,train
44,0,train
440,1,test
441,1,test
442,1,train
443,1,train
444,0,train
445,1,train
446,0,test
447,0,train
448,0,val
449,0,train
45,1,train
450,0,val
451,0,test
452,0,train
453,0,train
454,1,val
455,1,train
456,1,val
457,1,test
458,1,val
459,0,train
46,0,train
460,0,train
461,0,train
462,0,train
463,0,val
464,0,test
465,0,train
466,0,train
467,0,train
468,0,train
469,0,train
47,1,train
470,0,train
471,0,train
472,0,test
473,0,train
474,0,train
475,0,train
476,0,train
477,0,train
478,1,train
479,1,train
48,1,train
480,1,train
481,1,train
482,0,train
483,0,train
484,0,train
485,0,train
486,0,train
487,0,train
488,0,train
489,0,train
49,0,train
490,0,train
491,0,train
492,0,train
493,0,train
494,0,test
495,0,test
496,0,train
497,0,train
498,0,test
499,0,test
5,1,train
50,0,test
500,0,test
501,0,train
502,0,train
503,0,train
504,1,train
505,1,test
506,1,train
507,1,test
508,1,train
509,1,train
51,0,train
510,1,train
511,0,test
512,0,train
513,0,train
514,0,train
515,0,train
516,0,test
517,0,train
518,0,train
519,1,train
52,1,train
520,1,test
521,1,test
522,1,train
523,0,test
524,0,test
525,0,test
526,0,train
527,0,train
528,0,train
529,0,train
53,0,train
530,1,test
531,1,train
532,1,train
533,1,train
534,1,train
535,1,train
536,1,train
537,1,train
538,1,train
539,1,test
54,0,train
540,1,train
541,1,val
542,1,train
543,1,train
544,1,train
545,0,train
546,0,test
547,0,train
549,1,train
55,0,train
550,0,train
551,0,train
552,1,test
553,1,val
554,0,test
555,1,train
556,1,train
558,1,train
56,0,train
560,1,train
561,1,train
562,1,test
563,1,train
564,1,train
565,1,train
566,1,train
567,1,train
568,1,train
569,1,train
57,0,test
570,1,val
571,1,train
572,1,train
573,1,test
574,1,train
575,1,train
576,1,val
577,1,train
578,1,val
579,1,train
58,0,test
580,1,train
581,1,train
582,1,test
583,1,train
584,1,train
585,1,train
586,1,test
587,1,train
588,1,train
589,1,train
59,0,train
590,1,train
591,0,train
592,0,train
593,0,train
594,0,train
595,0,test
596,0,train
597,1,test
598,0,train
599,0,train
6,1,train
600,1,train
601,1,train
602,1,train
603,1,train
604,0,test
605,0,train
606,0,test
607,0,train
608,0,train
609,0,train
61,0,test
610,0,train
611,0,test
612,1,train
613,1,train
614,1,test
615,1,train
616,1,test
617,1,train
618,1,test
619,1,train
62,0,train
620,1,train
621,1,train
622,1,test
623,1,train
624,1,train
625,1,train
626,0,train
627,1,val
628,1,train
629,1,test
63,0,train
630,1,train
631,1,train
632,1,val
633,1,train
634,1,train
635,1,train
636,1,train
637,1,train
638,1,test
639,1,train
64,0,train
640,1,val
641,1,train
642,1,train
643,1,train
644,1,train
645,0,val
646,1,train
647,1,train
648,0,train
649,0,train
65,0,train
650,1,train
651,1,test
652,1,val
653,0,train
654,1,train
655,0,test
656,0,train
657,0,train
658,1,test
659,1,train
66,0,train
660,1,train
661,1,train
662,0,test
663,1,train
664,1,test
665,0,train
666,1,test
667,1,train
668,0,train
669,0,train
67,0,train
670,0,train
671,0,train
672,0,train
673,0,train
674,0,train
675,0,train
676,0,train
677,0,train
678,0,train
679,1,train
68,0,train
680,1,test
681,0,train
682,0,test
683,0,train
684,0,val
685,0,train
686,0,train
687,1,test
688,0,train
69,0,test
690,0,train
691,0,train
692,0,train
693,0,train
694,0,train
695,0,train
696,1,train
697,1,test
698,1,val
699,1,train
7,0,test
70,0,train
700,1,train
701,1,train
702,1,train
703,1,train
704,1,train
705,0,test
706,0,test
707,0,val
708,0,train
709,0,train
71,0,test
710,0,test
711,0,test
712,0,test
713,0,test
714,0,test
715,0,test
716,1,val
717,0,train
718,0,val
719,0,val
72,1,train
720,0,val
721,0,train
722,1,train
723,1,train
724,1,val
725,1,train
726,1,train
727,1,train
728,1,train
729,1,train
73,1,test
730,1,test
731,0,train
732,0,test
733,1,test
734,0,test
735,1,train
736,1,test
738,0,train
739,0,val
74,1,train
740,0,test
741,0,train
742,0,val
743,0,train
744,0,train
745,0,train
746,0,train
747,0,train
748,0,train
749,0,train
75,0,train
750,0,train
751,0,train
752,0,train
753,0,train
754,0,test
755,0,train
756,0,train
757,0,train
758,0,train
759,0,train
76,0,train
760,0,train
761,0,test
762,0,train
763,0,train
764,0,train
765,0,train
766,0,train
767,0,train
768,0,train
769,0,train
77,0,train
770,0,train
771,0,train
772,0,test
773,0,train
774,0,test
775,0,train
776,0,train
777,1,train
778,0,train
779,0,train
78,0,test
780,0,train
781,0,train
782,0,train
783,0,train
784,0,train
785,0,train
786,0,val
788,0,val
789,0,train
79,0,train
790,0,val
791,0,train
792,0,val
793,0,train
794,0,train
795,0,val
796,0,train
797,0,train
798,0,val
799,0,train
8,1,train
80,0,train
800,0,train
801,0,test
802,0,train
803,0,train
804,0,test
805,0,test
806,0,test
807,0,train
808,0,train
809,0,train
81,1,train
810,0,train
811,0,val
812,0,train
813,0,test
814,0,train
815,0,val
816,0,train
817,0,train
818,0,val
819,0,train
82,0,test
820,0,val
821,0,test
822,0,train
823,0,train
824,0,train
825,0,train
826,0,val
827,0,train
828,0,val
829,0,train
83,1,train
830,0,val
831,0,train
832,0,test
833,0,train
834,0,train
835,0,train
836,0,train
837,0,train
838,0,train
84,1,train
840,0,test
841,0,train
842,0,test
843,0,val
844,0,train
845,0,test
846,0,train
847,0,train
848,0,train
849,0,test
85,1,test
850,0,train
851,0,train
852,0,train
853,0,train
854,0,train
855,0,train
856,0,train
857,0,train
858,0,test
859,0,test
86,0,test
860,0,test
861,0,train
862,0,train
863,0,train
865,0,val
866,0,train
867,0,train
868,0,val
869,0,train
87,0,test
870,0,test
871,0,test
872,0,train
873,0,train
874,0,train
875,0,train
876,0,test
877,0,test
878,0,test
879,0,train
88,0,train
881,0,train
882,0,test
883,0,train
884,0,test
885,0,train
887,0,train
888,0,test
889,0,train
89,0,val
890,0,train
891,0,train
892,0,train
893,0,val
894,0,train
895,0,test
896,0,train
897,0,test
898,0,train
899,0,val
9,0,train
90,0,train
900,0,val
901,0,train
902,0,train
903,0,test
904,0,train
905,0,train
906,0,train
907,0,train
908,0,test
909,0,train
91,1,train
910,0,train
911,0,train
912,0,train
913,0,train
914,0,test
915,0,train
916,0,train
917,0,train
918,0,train
919,0,train
92,1,test
920,0,train
921,0,train
922,0,val
923,0,train
924,0,train
925,0,test
926,0,train
927,0,train
928,0,train
929,0,train
93,1,train
930,0,train
931,0,train
932,0,test
933,0,test
934,0,val
935,0,train
936,0,train
937,0,train
938,0,test
939,0,train
94,1,train
940,0,val
941,0,test
942,0,val
943,0,train
944,0,train
945,0,train
946,0,test
947,0,val
948,0,val
949,0,train
95,1,train
950,0,train
951,0,train
952,0,train
953,0,train
954,0,train
955,0,train
956,0,train
957,0,val
958,0,train
959,1,test
96,1,train
960,0,train
961,0,train
962,0,test
963,0,train
964,0,val
965,0,train
966,0,train
967,0,train
968,0,train
969,0,train
97,1,train
970,0,val
971,0,train
972,0,train
973,1,train
974,0,train
975,0,train
976,0,test
977,0,train
978,0,train
979,0,train
98,1,train
980,0,test
981,0,val
983,0,train
984,0,val
985,0,train
986,0,train
987,0,test
988,0,train
989,0,train
99,1,train
990,0,train
991,0,train
992,0,test
993,0,train
995,0,train
996,0,train
997,0,test
998,0,train
999,0,train
